{
  "$schema": "https://json-schema.org/draft/2020-12/schema",
  "title": "PlannerTaskGraph",
  "type": "object",
  "required": [
    "run_id",
    "created_at",
    "tasks"
  ],
  "properties": {
    "run_id": {
      "type": "string",
      "minLength": 8
    },
    "created_at": {
      "type": "string",
      "format": "date-time"
    },
    "global_constraints": {
      "type": "object",
      "properties": {
        "max_parallel": {
          "type": "integer",
          "minimum": 1
        },
        "default_timeout_sec": {
          "type": "integer",
          "minimum": 5
        },
        "allowlisted_scope_id": {
          "type": "string"
        }
      },
      "additionalProperties": false
    },
    "tasks": {
      "type": "array",
      "minItems": 1,
      "items": {
        "type": "object",
        "required": [
          "task_id",
          "agent_role",
          "objective",
          "dependencies",
          "risk_level",
          "timeout_sec",
          "retry_policy",
          "allowed_tools",
          "hitl_required",
          "success_criteria"
        ],
        "properties": {
          "task_id": {
            "type": "string",
            "minLength": 2
          },
          "agent_role": {
            "type": "string",
            "enum": [
              "coordinator",
              "recon",
              "analysis",
              "report",
              "memory"
            ]
          },
          "objective": {
            "type": "string",
            "minLength": 5
          },
          "input_context_refs": {
            "type": "array",
            "items": {
              "type": "string"
            }
          },
          "dependencies": {
            "type": "array",
            "items": {
              "type": "string"
            }
          },
          "risk_level": {
            "type": "string",
            "enum": [
              "low",
              "medium",
              "high",
              "critical"
            ]
          },
          "timeout_sec": {
            "type": "integer",
            "minimum": 5
          },
          "retry_policy": {
            "type": "object",
            "required": [
              "max_attempts",
              "backoff_sec"
            ],
            "properties": {
              "max_attempts": {
                "type": "integer",
                "minimum": 0,
                "maximum": 5
              },
              "backoff_sec": {
                "type": "integer",
                "minimum": 0,
                "maximum": 600
              }
            },
            "additionalProperties": false
          },
          "allowed_tools": {
            "type": "array",
            "items": {
              "type": "string"
            }
          },
          "hitl_required": {
            "type": "boolean"
          },
          "success_criteria": {
            "type": "array",
            "items": {
              "type": "string"
            }
          },
          "output_contract": {
            "type": "object",
            "required": [
              "format",
              "fields"
            ],
            "properties": {
              "format": {
                "type": "string",
                "enum": [
                  "json"
                ]
              },
              "fields": {
                "type": "array",
                "items": {
                  "type": "string"
                }
              }
            },
            "additionalProperties": false
          }
        },
        "additionalProperties": false
      }
    }
  },
  "additionalProperties": false
}
