{
  "manifest_version": 1,
  "scan_id": "0ad4ea2b-00b6-41c8-8b7e-3f70f71642a9",
  "exported_at": "2026-02-12T07:01:59.337443",
  "section_hashes": {
    "scan": "57783d4d46292b8ba946f7e88c02e9be2470b93bb5ed6277f51b02b905e7581b",
    "results": "4f53cda18c2baa0c0354bb5f9a3ecbe5ed12ab4d8e11ba873c2f11161202b945",
    "jobs": "1152d294544ec29f4387deebda1e03985f77b0badcaa03c4f0ddbeac38033516",
    "checkpoints": "4f53cda18c2baa0c0354bb5f9a3ecbe5ed12ab4d8e11ba873c2f11161202b945",
    "audit": "4f53cda18c2baa0c0354bb5f9a3ecbe5ed12ab4d8e11ba873c2f11161202b945"
  },
  "audit_integrity": {
    "valid": true,
    "checked": 314,
    "broken": 0,
    "first_error_id": null,
    "last_hash": "c2279204e78f414b540a0d1cf173fc5827af7ff76286bf5ee43047c0022cde79"
  },
  "artifacts": {
    "scan": {
      "id": "0ad4ea2b-00b6-41c8-8b7e-3f70f71642a9",
      "target": "https://example.com",
      "scan_type": "quick",
      "methodology": "owasp",
      "status": "stopping",
      "progress": 0,
      "config": "{}",
      "created_at": "2026-02-12T07:01:59.133064",
      "updated_at": "2026-02-12T07:01:59.258067",
      "completed_at": null
    },
    "results": [],
    "jobs": [
      {
        "id": "5b8c396c-9e28-45dc-b492-da561f71b077",
        "type": "scan",
        "payload": "{\"scan_id\": \"0ad4ea2b-00b6-41c8-8b7e-3f70f71642a9\", \"target\": \"https://example.com\", \"methodology\": \"owasp\", \"scan_type\": \"quick\", \"config\": {}}",
        "status": "cancelled",
        "attempt": 0,
        "max_attempts": 2,
        "next_run_at": "2026-02-12T07:01:59.152918",
        "error": null,
        "created_at": "2026-02-12T07:01:59.152918",
        "updated_at": "2026-02-12T07:01:59.238301",
        "started_at": null,
        "finished_at": "2026-02-12T07:01:59.238301",
        "worker_id": null,
        "lease_until": null,
        "heartbeat_at": null
      }
    ],
    "checkpoints": [],
    "audit_events": []
  }
}