{
  "report_id": "4da7dee9-1eb4-414b-a50f-5c436888a2c9",
  "scan_id": "17476265-8a75-4710-ac56-28378d65e1e3",
  "target": "http://scanme.nmap.org/",
  "methodology": "owasp",
  "status": "completed",
  "severity_counts": {
    "critical": 0,
    "high": 0,
    "medium": 1,
    "low": 1,
    "info": 0
  },
  "generated_at": "2026-02-12T08:36:15.938695",
  "results": [
    {
      "id": 272,
      "scan_id": "17476265-8a75-4710-ac56-28378d65e1e3",
      "phase": "Quick Reconnaissance",
      "tool_name": "nmap",
      "command": "nmap -sV -sC --top-ports 100 -T4 http://scanme.nmap.org/",
      "output": "Starting Nmap 7.98 ( https://nmap.org ) at 2026-02-12 03:31 -0500\nNmap done: 0 IP addresses (0 hosts up) scanned in 0.37 seconds",
      "findings": "[\"Based on the provided nmap output, the following analysis can be performed:\\n\\n**Findings:**\\n\\n1. **No vulnerabilities found**: The nmap output does not indicate any specific vulnerabilities or open ports, as the scan target is likely not responding or not reachable.\\n2. **OWASP WSTG test case mapping**: N/A (No vulnerabilities found)\\n3. **MITRE ATT&CK technique mapping**: N/A (No vulnerabilities found)\\n4. **Recommended follow-up actions**:\\n\\t* Verify the target IP address or hostname is correct and reachable.\\n\\t* Check the network connectivity and firewall rules to ensure the target is accessible.\\n\\t* Consider running a more comprehensive scan with additional nmap scripts or other vulnerability scanning tools.\\n5. **Remediation suggestions**: N/A (No vulnerabilities found)\\n\\n**Detailed Analysis:**\\n\\nThe provided nmap output indicates that the scan was unable to detect any hosts up or IP addresses scanned. This could be due to various reasons such as:\\n\\n* The target IP address or hostname is incorrect or not reachable.\\n* The network connectivity is restricted, or firewall rules are blocking the scan.\\n* The target system is not responding or is configured to ignore nmap scans.\\n\\nTo further investigate, it is recommended to verify the target IP address or hostname and check the network connectivity. Additionally, running a more comprehensive scan with additional nmap scripts or other vulnerability scanning tools may help identify potential vulnerabilities.\\n\\n**Structured List:**\\n\\n| Finding # | Vulnerability | Severity | OWASP WSTG Test Case | MITRE ATT&CK Technique | Recommended Follow-up Actions | Remediation Suggestions |\\n| --- | --- | --- | --- | --- | --- | --- |\\n| 1 | No vulnerabilities found | N/A | N/A | N/A | Verify target IP address, check network connectivity, and consider running a more comprehensive scan. | N/A |\\n\\nPlease note that this analysis is limited by the provided nmap output, and a more comprehensive scan or additional information may be necessary to identify potential vulnerabilities.\"]",
      "severity": "low",
      "status": "completed",
      "started_at": "2026-02-12T08:31:43.700598",
      "completed_at": "2026-02-12T08:31:43.700598"
    },
    {
      "id": 273,
      "scan_id": "17476265-8a75-4710-ac56-28378d65e1e3",
      "phase": "Quick Reconnaissance",
      "tool_name": "whatweb",
      "command": "whatweb  http://scanme.nmap.org/",
      "output": "\u001b[1m\u001b[34mhttp://scanme.nmap.org/\u001b[0m [200 OK] \u001b[1mApache\u001b[0m[\u001b[1m\u001b[32m2.4.7\u001b[0m], \u001b[1mCountry\u001b[0m[\u001b[0m\u001b[22mRESERVED\u001b[0m][\u001b[1m\u001b[31mZZ\u001b[0m], \u001b[1mGoogle-Analytics\u001b[0m[\u001b[1m\u001b[32mUniversal\u001b[0m][\u001b[1m\u001b[36mUA-11009417-1\u001b[0m], \u001b[1mHTML5\u001b[0m, \u001b[1mHTTPServer\u001b[0m[\u001b[1m\u001b[31mUbuntu Linux\u001b[0m][\u001b[1m\u001b[36mApache/2.4.7 (Ubuntu)\u001b[0m], \u001b[1mIP\u001b[0m[\u001b[0m\u001b[22m45.33.32.156\u001b[0m], \u001b[1mScript\u001b[0m, \u001b[1mTitle\u001b[0m[\u001b[1m\u001b[33mGo ahead and ScanMe!\u001b[0m]",
      "findings": "[\"Based on the provided whatweb output, the following findings were identified:\\n\\n**Findings:**\\n\\n1. **Apache Version Disclosure**\\n\\t* Severity: Medium\\n\\t* OWASP WSTG Test Case: A9 - Insufficient Transport Layer Protection (specifically, disclosure of Apache version)\\n\\t* MITRE ATT&CK Technique: T1592 - Gather Victim Identity Information (Apache version disclosure can be used to identify potential vulnerabilities)\\n\\t* Description: The Apache version (2.4.7) is disclosed in the HTTP response, which can be used by attackers to identify potential vulnerabilities.\\n\\t* Proof-of-Concept: Use the disclosed Apache version to search for known vulnerabilities and exploit them.\\n\\t* Recommended Follow-up Actions: Verify the Apache version and check for any known vulnerabilities. Consider updating to a newer version or configuring the server to not disclose the version number.\\n\\t* Remediation Suggestions: Update Apache to a newer version, or configure the server to not disclose the version number by setting the `ServerTokens` directive to `Prod` or `Minimal`.\\n\\n2. **Ubuntu Linux Version Disclosure**\\n\\t* Severity: Medium\\n\\t* OWASP WSTG Test Case: A9 - Insufficient Transport Layer Protection (specifically, disclosure of Ubuntu Linux version)\\n\\t* MITRE ATT&CK Technique: T1592 - Gather Victim Identity Information (Ubuntu Linux version disclosure can be used to identify potential vulnerabilities)\\n\\t* Description: The Ubuntu Linux version is disclosed in the HTTP response, which can be used by attackers to identify potential vulnerabilities.\\n\\t* Proof-of-Concept: Use the disclosed Ubuntu Linux version to search for known vulnerabilities and exploit them.\\n\\t* Recommended Follow-up Actions: Verify the Ubuntu Linux version and check for any known vulnerabilities. Consider updating to a newer version or configuring the server to not disclose the version number.\\n\\t* Remediation Suggestions: Update Ubuntu Linux to a newer version, or configure the server to not disclose the version number by setting the `ServerTokens` directive to `Prod` or `Minimal`.\\n\\n3. **Google Analytics Disclosure**\\n\\t* Severity: Info\\n\\t* OWASP WSTG Test Case: A10 - Insufficient Logging & Monitoring (specifically, disclosure of Google Analytics ID)\\n\\t* MITRE ATT&CK Technique: None\\n\\t* Description: The Google Analytics ID (UA-11009417-1) is disclosed in the HTTP response, which can be used by attackers to track the website's analytics.\\n\\t* Proof-of-Concept: Use the disclosed Google Analytics ID to access the website's analytics data.\\n\\t* Recommended Follow-up Actions: None, as this is an informational finding.\\n\\t* Remediation Suggestions: Consider removing the Google Analytics ID from the HTTP response or using a more secure analytics solution.\\n\\n4. **HTML5 and Script Disclosure**\\n\\t* Severity: Info\\n\\t* OWASP WSTG Test Case: None\\n\\t* MITRE ATT&CK Technique: None\\n\\t* Description: The presence of HTML5 and script elements in the HTTP response indicates that the website uses modern web technologies.\\n\\t* Proof-of-Concept: None\\n\\t* Recommended Follow-up Actions: None, as this is an informational finding.\\n\\t* Remediation Suggestions: None, as this is a normal finding for modern web applications.\\n\\n5. **IP Address Disclosure**\\n\\t* Severity: Info\\n\\t* OWASP WSTG Test Case: None\\n\\t* MITRE ATT&CK Technique: None\\n\\t* Description: The IP address (45.33.32.156) is disclosed in the HTTP response, which can be used by attackers to identify the website's hosting location.\\n\\t* Proof-of-Concept: Use the disclosed IP address to access the website's hosting location.\\n\\t* Recommended Follow-up Actions: None, as this is an informational finding.\\n\\t* Remediation Suggestions: Consider using a reverse proxy or content delivery network (CDN) to hide the IP address.\\n\\nNote that these findings are based on the provided whatweb output and may not be an exhaustive list of vulnerabilities or weaknesses. Further testing and analysis may be necessary to identify additional issues.\"]",
      "severity": "medium",
      "status": "completed",
      "started_at": "2026-02-12T08:32:01.093533",
      "completed_at": "2026-02-12T08:32:01.093533"
    }
  ]
}